{"cameraMode":{"drawMode":0,"name":"Shaded","section":"Shading Mode"},"sceneLighting":true,"audioPlay":false,"sceneViewState":{"showFog":true,"showMaterialUpdate":false,"showSkybox":true,"showFlares":true,"showImageEffects":true,"showParticleSystems":true},"in2DMode":false,"pivot":{"x":5.933653831481934,"y":0.8212908506393433,"z":36.9453125},"rotation":{"x":0.014927797019481659,"y":0.09763002395629883,"z":-0.001464386936277151,"w":0.9951097965240479},"size":19.08438491821289,"orthographic":true}