{"cameraMode":{"drawMode":0,"name":"Shaded","section":"Shading Mode"},"sceneLighting":true,"audioPlay":false,"sceneViewState":{"showFog":true,"showMaterialUpdate":false,"showSkybox":true,"showFlares":true,"showImageEffects":true,"showParticleSystems":true},"in2DMode":false,"pivot":{"x":21.432048797607423,"y":5.734647274017334,"z":5.84375},"rotation":{"x":-0.03619231656193733,"y":0.7840272784233093,"z":0.045918285846710208,"w":0.6179668307304382},"size":35.869258880615237,"orthographic":true}